{"name":"Untitled form","title":"Form Title","description":"","new_editor":true,"show_title_description":true,"showHeader":false,"showFooter":false,"lang":1,"columns":1,"status":true,"template":0,"limits":0,"fldIndex":3,"captcha":false,"IpTracking":true,"post_data_url":"","send_mail":true,"elements":[[{"FieldTypeName":"Button","properties":{"type":{"title":"Button Type:","type":"select","value":"submit","options":["submit","reset","print","draft","dummy","Salesforce Action","Visual Composer","Go Prev","Go Next","Go to page","Reset signature","Modal signature","Condition","SmartV Logout","Redirect","SSO Logout","XML Parser","Twilio","Close Twilio","Refresh Location","Barcode Scanner"]},"align":{"title":"Button align","type":"select","value":"auto","options":["auto","left","center","right"]},"user_tip":{"title":"User tip","type":"text","value":""},"img_btn_url":{"title":"Choose BackGround Image","type":"imageBackground","value":"","src":""},"default":{"title":"Button text","type":"text","value":"Submit"},"admin_field_only":{"title":"Admin Field","type":"checkbox","value":false},"unique_value":{"title":"Unique value","type":"checkbox","value":false},"confirmation_mode":{"title":"Confirmation mode","type":"checkbox","value":false},"onclick_action":{"title":"On click action","type":"checkbox","value":false},"prop_disabled":{"value":true},"field_id":{"value":true,"id":"fld1"},"styles":{"Container-1621857858181-738-1":{"options":{"top":595,"left":375}}}},"FieldTypeIsLabelAssociated":0,"FieldTypeIsDataContainer":0,"FieldTypeConditionType":null,"uid":"1621857858181-738-1","visible":"show","className":"Button-1621857858181-738-1","classUID":"1621857858181-738-1","storedSize":{"styles":{"width":250,"height":40}},"hidePreview":false},{"properties":{"default":{"title":"Text","type":"text","value":"Label"},"autofocus":{"title":"Auto Focus","type":"checkbox","value":false},"user_tip":{"title":"User tip","type":"text","value":""},"field_id":{"value":true,"id":"fld2"},"force_LTR":{"title":"Force LTR text","type":"checkbox","value":false},"isSetOrder":true,"subIndex":1,"styles":{"Label-1621858367821-259-1":{"element":{"font-family":"Verdana, Geneva, sans-serif","font-size":"16px","color":"rgba(0,0,0,1)","size":"custom"},"container":{},"options":{"font-size":"16","fontUnit":"px","font":{"unit":"px"}},"type":"GeneralElement"},"Container-1621858367821-259-1":{"options":{"top":132,"left":382,"width":133,"taborder":2},"container":{}}}},"isNew":true,"uid":"1621858367821-259-1","visible":"show","FieldTypeID":1,"FieldTypeName":"Label","FieldTypeDescription":"short text for description","FieldTypeIsDataContainer":0,"FieldTypeIsForForm":1,"FieldTypeIsForReport":1,"FieldTypeConditionType":null,"FieldTypeIsBasic":1,"FieldTypeOrder":1,"FieldTypeIsLabelAssociated":0,"FieldTypeFormBuilderType":0,"FieldTypeReportBuilderType":0,"row":1,"storedSize":{"styles":{"width":43,"height":22}},"className":"Label-1621858367821-259-1","classUID":"1621858367821-259-1","hidePreview":false},{"properties":{"fieldtype":"string","label":{"title":"Label","type":"text","value":"Textbox","isHidden":{"top":false,"left":true,"right":true,"bottom":true}},"placeholder_field":{"title":"Placeholder","type":"text","value":""},"default":{"id":"textbox","title":"Default value","type":"text","value":"","data":true,"hide":false},"placeholder":{"value":"","check":true},"is_mandatory":{"title":"Mandatory","type":"checkbox","value":false},"user_tip":{"title":"User tip","type":"text","value":""},"admin_field_only":{"title":"Admin Field","type":"checkbox","value":false},"unique_value":{"title":"Unique value","type":"checkbox","value":false},"limit_chars":{"title":"Maximum Length","type":"text"},"valuerule":{"value":true},"condition":{"value":true},"size":{"value":"large","hide":true},"field_id":{"title":"Field ID","value":true,"id":"fld3"},"mask":{"title":"Field mask","type":"text","value":""},"use_mask_value":{"title":"Use mask value","type":"checkbox","value":false},"clear_mask_placeholder":{"title":"Auto clear placeholder","type":"checkbox","value":false},"autofocus":{"title":"Auto Focus","type":"checkbox","value":false},"password_mode":{"title":"Password mode","type":"checkbox","value":false},"numeric_keyboard":{"title":"Numeric keyboard","type":"checkbox","value":false},"decode_special_chars":{"title":"Decode special chars","type":"checkbox","value":false},"isSetOrder":true,"subIndex":1,"styles":{"Container-1621858371893-178-2":{"options":{"top":206,"left":382,"width":250,"taborder":3},"container":{}}}},"isNew":true,"uid":"1621858371893-178-2","visible":"show","FieldTypeID":2,"FieldTypeName":"Textbox","FieldTypeDescription":"input box for entering alphanumeric data","FieldTypeIsDataContainer":1,"FieldTypeIsForForm":1,"FieldTypeIsForReport":0,"FieldTypeConditionType":1,"FieldTypeIsBasic":1,"FieldTypeOrder":3,"FieldTypeIsLabelAssociated":1,"FieldTypeFormBuilderType":0,"FieldTypeReportBuilderType":null,"row":2,"storedSize":{"styles":{"width":250,"height":88}},"hidePreview":false,"className":"Textbox-1621858371893-178-2","classUID":"1621858371893-178-2"}],[],[],[]],"customEmailToFormOwner":{"isCustomEmailToFormOwner":false,"expression":"","expression_text":""},"additionalEmails":false,"customEmailFormat":{"isCustomEmail":false,"expression":"","expression_text":""},"isReplyToEmail":false,"replyToEmail":"","additionalEmailsList":"","additional_mails":"","custom_mail_format":"","redirect_url":"","redirectToUrl":false,"confirmation_text":"","confirmationText":true,"form_time_zone":2,"auto_translation":false,"delete_button_with_confirmation":"","user_notice":false,"unique_submission":false,"quota_limit":false,"quota_limit_count":0,"availableDateFrom":"2021-05-24T12:04:16.346Z","availableDateTo":"2021-05-24T12:04:16.346Z","availableFromTo":false,"disable":false,"acceleration":false,"chats":false,"heatmap":false,"randomize":false,"save2db":false,"autotranslate":false,"google_prediction":false,"geo_ip":false,"abTestingEnable":false,"typeOfForm":-1,"rules":[],"valueRule":[],"formUrlExtension":"ftee7108db1621857856915","isChangedUrlExtension":false,"validIndicator":true,"errorIndicator":true,"dontSaveData":false,"generateBarCode":false,"usability":false,"seo":{"title":"","description":"","keywords":""},"submit":{"value":"Submit Form"},"securedLogo":false,"autocorrectForMobile":false,"customSubject":{"expression":null,"expression_text":null,"showEditor":false},"customHeader":{"expression":null,"expression_text":null,"showEditor":false},"customFooter":{"expression":null,"expression_text":null,"showEditor":false},"direction":{"isChecked":false,"value":"ltr"},"styles":{},"panelSettings":{"toolbar":{"isHide":true}},"PageBreak":{"header":"","footer":""},"ver":2,"abTestingConfig":{"forms":[]},"footer":{"elements":[{"FieldTypeName":"Button","properties":{"type":{"title":"Button Type:","type":"select","value":"submit","options":["submit","reset","print","draft","dummy","Salesforce Action","Visual Composer","Go Prev","Go Next","Go to page","Reset signature","Modal signature","Condition","SmartV Logout","Redirect","SSO Logout","XML Parser","Twilio","Close Twilio","Refresh Location","Barcode Scanner"]},"align":{"title":"Button align","type":"select","value":"auto","options":["auto","left","center","right"]},"user_tip":{"title":"User tip","type":"text","value":""},"img_btn_url":{"title":"Choose BackGround Image","type":"imageBackground","value":"","src":""},"default":{"title":"Button text","type":"text","value":"Submit"},"admin_field_only":{"title":"Admin Field","type":"checkbox","value":false},"unique_value":{"title":"Unique value","type":"checkbox","value":false},"confirmation_mode":{"title":"Confirmation mode","type":"checkbox","value":false},"onclick_action":{"title":"On click action","type":"checkbox","value":false},"prop_disabled":{"value":true},"field_id":{"value":true}}}],"sortableOptions":{"connectWith":".elements-list","placeholder":"placeholder-element","handle":".formElementHandle,#moveElement,.form-element","appendTo":"body","revert":"invalid","revertDuration":800,"scroll":false,"cursor":"move","delay":150}},"testing":{"list":[{"value":0,"label":"item1"},{"value":1,"label":"item2"}]},"analytics":{"viewID":""},"personalization":{"language":{"code":"en","name":"English","nativeName":"English"},"timezone":{},"inlineDateTimeShow":false,"geolocation":false,"submitMsg":"Submitting your form ...","showOptionalLabel":{"value":false,"label":"(Optional)"},"showMandatoryExplanation":{"value":false,"text":"* is mandatory field"}},"autofilter":false,"currentDevice":"Desktop","pagerCount":0,"enabledVersions":true,"formVersionSettings":{"isUseGit":true,"repo":"TITAN","branch":"main"},"ruller":{"leftLines":{},"topLines":{}},"ThemeID":511912,"id":1046611,"croNotifycation":{"cro":16},"isValidRule":0,"isCached":false,"isCachedHQImage":false}